{
  "n": 100,
  "seed": 56,
  "capacity": 25000,
  "tuples": [
    [213.68257722448917, 214.76138727086806, 0],
    [369.4222143015281, 371.66011986472597, 1],
    [395.8971042328604, 401.0518128282449, 2],
    [405.92979693531584, 412.6812335969946, 3],
    [455.2006595321932, 459.06612199440025, 4],
    [460.28502725089186, 473.34769039636603, 5],
    [608.9941582872666, 614.9252797395114, 6],
    [639.7877467255413, 645.9568038270248, 7],
    [718.609837493816, 739.6620128662479, 8],
    [777.6570494405113, 788.8771111178226, 9],
    [851.317993770269, 879.2913114478778, 10],
    [931.0939746174716, 951.5026101673963, 11],
    [995.1812939108135, 1006.4753137654461, 12],
    [996.7340731728926, 1002.081482935108, 13],
    [1044.0112412805815, 1065.6889199160157, 14],
    [1069.3008355467446, 1102.9126203693065, 15],
    [1369.6775800861062, 1395.8376725060316, 16],
    [1459.3095511575114, 1500.5821281634217, 17],
    [1520.4880081077577, 1577.5654909987784, 18],
    [1651.124858286782, 1690.557739914244, 19],
    [1663.9820324218783, 1686.165533659374, 20],
    [1704.5156541646918, 1721.656050180433, 21],
    [1987.3153460601848, 2049.49017911716, 22],
    [2034.081044357384, 2099.590465344107, 23],
    [2145.0942262766853, 2228.404237201008, 24],
    [2321.5881146919423, 2345.5201781096816, 25],
    [2434.6282047249906, 2501.8316166611244, 26],
    [2542.4229691632045, 2573.7302089939208, 27],
    [2591.864374503905, 2615.118053213715, 28],
    [2664.8670034239603, 2704.683527968196, 29],
    [2863.2164787352513, 2869.1307009527263, 30],
    [2916.874827775512, 2967.363227505017, 31],
    [2922.8799306130445, 2940.6777416948985, 32],
    [3021.5629690780684, 3072.232291105106, 33],
    [3060.919441335377, 3108.6130469106092, 34],
    [3107.94994680573, 3136.8608483355256, 35],
    [3130.291814312673, 3156.0655265527057, 36],
    [3321.5553109596635, 3376.819803094374, 37],
    [3340.795257888643, 3391.2227614694143, 38],
    [3379.9687651265194, 3396.8214266018977, 39],
    [3384.2808723627704, 3394.3993599967425, 40],
    [3451.716786711422, 3481.574484479143, 41],
    [3544.832638770523, 3615.0536237044425, 42],
    [3619.171953429151, 3651.8050562141552, 43],
    [3685.92925415632, 3688.407690354713, 44],
    [3751.890395831878, 3796.7619038186085, 45],
    [3872.8775552907314, 3878.752999216244, 46],
    [3923.736994016163, 3927.4157040149553, 47],
    [3952.5378119435823, 4006.277175748033, 48],
    [4062.252728299593, 4064.358438326435, 49],
    [4070.5990845883857, 4070.942902431966, 50],
    [4125.485747041743, 4188.183433525249, 51],
    [4170.540180620021, 4220.0575073830505, 52],
    [4567.8906844614985, 4652.463647729951, 53],
    [4622.543265276781, 4662.7493023970155, 54],
    [4826.727230337348, 4911.069101584357, 55],
    [4993.1401402785095, 5008.618024865217, 56],
    [5797.147364184482, 5824.77771422429, 57],
    [5872.091946519774, 5913.587314992155, 58],
    [6186.07206066105, 6274.952368399223, 59],
    [6242.755667523881, 6308.228284937122, 60],
    [7682.654322803198, 7803.042857562996, 61],
    [7941.205104587108, 8008.385378592269, 62],
    [8227.96970020407, 8253.972283496718, 63],
    [8766.278436951037, 8861.037357267354, 64],
    [9008.005687039142, 9072.37831286677, 65],
    [9056.683798308568, 9142.011442776322, 66],
    [9334.294495350237, 9480.356305076806, 67],
    [9695.447178830947, 9883.03507814866, 68],
    [9774.400785625548, 9877.85194564001, 69],
    [9846.844056184827, 10014.172938392476, 70],
    [10575.774448134955, 10500.787702626832, 71],
    [10837.763953849539, 10735.03406499965, 72],
    [11109.805456878588, 11057.85381377007, 73],
    [11398.910891969836, 11310.443671508488, 74],
    [11463.171029993557, 11349.845288360531, 75],
    [11562.763100614238, 11534.20948148003, 76],
    [11819.204678895612, 11764.359909374043, 77],
    [12376.739749155095, 12286.712296766966, 78],
    [12537.715322570477, 12499.060767126117, 79],
    [12629.310478663303, 12580.824653305466, 80],
    [12752.560974916822, 12750.115894200317, 81],
    [13562.63290020403, 13430.836660363679, 82],
    [14481.728145316452, 14376.547818893561, 83],
    [14596.408529366181, 14476.155775366713, 84],
    [14702.052872155957, 14626.04895968985, 85],
    [15529.411536227122, 15403.447699808125, 86],
    [16157.67664817238, 16031.345781219487, 87],
    [16158.347163673849, 16095.024360757981, 88],
    [16217.483963842846, 16208.76114885355, 89],
    [17205.468137824326, 17039.212908531063, 90],
    [18016.39122147431, 17872.136610952206, 91],
    [18371.869348487566, 18279.422807448263, 92],
    [18432.885533866007, 18382.993819438947, 93],
    [18457.977927784075, 18282.004333851426, 94],
    [18954.169765362712, 18836.72248498774, 95],
    [19580.92885897334, 19406.126822267634, 96],
    [19582.853759760612, 19508.848358162333, 97],
    [19986.357742579345, 19843.78416630795, 98],
    [20783.495878681835, 20661.77986573339, 99]
  ]
}
